SELECT FALSE, TRUE;
FALSE	TRUE
0	1
CREATE TABLE t1 (b1 BOOLEAN, b2 BOOL);
SHOW CREATE TABLE t1;
Table	Create Table
t1	CREATE TABLE `t1` (
  `b1` boolean DEFAULT NULL,
  `b2` boolean DEFAULT NULL
) ENGINE=InnoDB DEFAULT CHARSET=utf8mb4 COLLATE=utf8mb4_0900_ai_ci
DROP TABLE t1;
CREATE TABLE t1 (b BOOLEAN);
INSERT INTO t1 VALUES (FALSE), (TRUE), (NULL);
SELECT * FROM t1;
b
0
1
NULL
SELECT * FROM t1 WHERE b;
b
1
SELECT * FROM t1 WHERE NOT b;
b
0
SELECT * FROM t1 WHERE b IS NULL;
b
NULL
SELECT * FROM t1 WHERE b IS NOT NULL;
b
0
1
INSERT INTO t1 VALUES (0.2), (3), (-1), (-1.5), ("0.1");
SELECT * FROM t1;
b
0
1
NULL
1
1
1
1
1
DROP TABLE t1;
